image,text
20260402T070012849907.png,devansh
20260402T070510958950.png,goyal
20260402T072131734587.png,D
20260403T043115517409.png,my name is devansh
20260403T121705489250.png,Devansh Goyal
20260403T123032871440.png,Devansh
20260408T043647061329.png,happy
20260408T043737913034.png,shivam
20260408T051329675281.png,SEMMA
20260408T161443525245.png,Divyansh
20260409T140313037322.png,shivam
20260409T144609327929.png,shivam
20260409T145007286386.png,are
20260409T145035430733.png,mango
20260409T145104687140.png,shivam
20260409T145213080246.png,shivam gupta
20260409T145449660479.png,Devansh
20260409T145657232516.png,god
20260409T145805914600.png,god
20260409T150035068597.png,sheela
20260409T150130825376.png,shilajit
20260409T150319072020.png,queen
20260409T150441957851.png,nikhil
20260409T150643281139.png,nikhil gupta
20260409T175015488193.png,keshav
20260409T175236536920.png,goyal
20260409T175736251561.png,sexy
20260409T175954579081.png,cheetah
20260409T180750618143.png,nigga
20260409T180941996926.png,love
20260409T181045776844.png,love
20260409T181112367009.png,lovede
20260409T181414367461.png,fragile
20260409T181531616427.png,rachit
20260409T181721515578.png,bitch
20260409T181928438777.png,apples
20260409T182044629505.png,bhushan
20260409T182333752090.png,arouse
